{
    "savedPositions": [
        {
            "x": 0.24280713498592378,
            "y": 0.2420509308576584
        },
        {
            "x": 0.7707427144050598,
            "y": 0.7973576188087463
        }
    ],
    "selectedCameraIndex": 0,
    "selectedCameraName": "Logi C270 HD WebCam",
    "cameraWidth": 1920,
    "cameraHeight": 1080,
    "dotR": 0.9954291582107544,
    "dotG": 0.6179601550102234,
    "dotB": 0.015840470790863038,
    "dotA": 1.0,
    "borderR": 0.9684003591537476,
    "borderG": 0.9870249032974243,
    "borderB": 0.0,
    "borderA": 1.0,
    "lineR": 0.17272281646728517,
    "lineG": 1.0,
    "lineB": 0.0,
    "lineA": 1.0,
    "borderThickness": 5.0,
    "calibrationOffsetX": -46.03508758544922,
    "calibrationOffsetY": -48.280696868896487
}