{
    "savedPositions": [
        {
            "x": 0.1796875,
            "y": 0.2738461494445801
        },
        {
            "x": 0.8076171875,
            "y": 0.8353846073150635
        }
    ],
    "selectedCameraIndex": 1,
    "selectedCameraName": "4K Streaming Webcam",
    "cameraWidth": 1920,
    "cameraHeight": 1080,
    "dotR": 0.015840470790863038,
    "dotG": 0.9954291582107544,
    "dotB": 0.27559295296669009,
    "dotA": 1.0,
    "borderR": 0.9684003591537476,
    "borderG": 0.9870249032974243,
    "borderB": 0.0,
    "borderA": 1.0,
    "lineR": 0.0,
    "lineG": 0.18538737297058106,
    "lineB": 1.0,
    "lineA": 1.0,
    "borderThickness": 5.0,
    "calibrationOffsetX": 0.0,
    "calibrationOffsetY": 0.0
}