{
    "savedPositions": [
        {
            "x": 0.11770833283662796,
            "y": 0.2268223762512207
        },
        {
            "x": 0.8311951160430908,
            "y": 0.8106808066368103
        }
    ],
    "selectedCameraIndex": 0,
    "selectedCameraName": "Logi C270 HD WebCam",
    "cameraWidth": 1920,
    "cameraHeight": 1080,
    "dotR": 0.9954291582107544,
    "dotG": 0.015840470790863038,
    "dotB": 0.015840470790863038,
    "dotA": 1.0,
    "borderR": 0.3184897303581238,
    "borderG": 0.27885931730270388,
    "borderB": 0.9870249032974243,
    "borderA": 1.0,
    "lineR": 0.25275030732154848,
    "lineG": 0.2093985676765442,
    "lineB": 1.0,
    "lineA": 1.0,
    "borderThickness": 5.0,
    "calibrationOffsetX": -66.16603088378906,
    "calibrationOffsetY": -44.82213592529297
}