{
    "savedPositions": [
        {
            "x": 0.2578124701976776,
            "y": 0.32777777314186098
        },
        {
            "x": 0.8468749523162842,
            "y": 0.989814817905426
        }
    ],
    "selectedCameraIndex": 1,
    "selectedCameraName": "4K Streaming Webcam",
    "dotR": 0.9954291582107544,
    "dotG": 0.05940968170762062,
    "dotB": 0.015840470790863038,
    "dotA": 1.0,
    "borderR": 0.005035637877881527,
    "borderG": 0.01920773647725582,
    "borderB": 0.005035637877881527,
    "borderA": 1.0,
    "lineR": 0.25275030732154848,
    "lineG": 0.2093985676765442,
    "lineB": 1.0,
    "lineA": 1.0
}